{"primitives":[{"pos":{"x":0.0,"y":0.0,"z":0.0},"size":{"x":0.5099999904632568,"y":1.0,"z":1.0},"bevel":0.03400000184774399,"rotationMatrix":{"e00":1.0,"e01":0.0,"e02":0.0,"e03":0.0,"e10":0.0,"e11":1.0,"e12":0.0,"e13":0.0,"e20":0.0,"e21":0.0,"e22":1.0,"e23":0.0,"e30":0.0,"e31":0.0,"e32":0.0,"e33":1.0},"sdfOperation":0,"parentIndex":-1,"type":3},{"pos":{"x":1.0658999681472779,"y":-0.03999999910593033,"z":0.0},"size":{"x":0.6800000071525574,"y":0.1599999964237213,"z":1.0},"bevel":0.0,"rotationMatrix":{"e00":1.0,"e01":0.0,"e02":0.0,"e03":1.0658999681472779,"e10":0.0,"e11":-3.5762786865234377e-7,"e12":-1.0,"e13":-0.03999999910593033,"e20":0.0,"e21":1.0,"e22":-3.5762786865234377e-7,"e23":0.0,"e30":0.0,"e31":0.0,"e32":0.0,"e33":1.0},"sdfOperation":0,"parentIndex":0,"type":5},{"pos":{"x":0.0,"y":0.23000000417232514,"z":0.0},"size":{"x":0.4300000071525574,"y":1.0,"z":1.0},"bevel":0.03750000149011612,"rotationMatrix":{"e00":1.0,"e01":0.0,"e02":0.0,"e03":0.0,"e10":0.0,"e11":1.0,"e12":0.0,"e13":0.23000000417232514,"e20":0.0,"e21":0.0,"e22":1.0,"e23":0.0,"e30":0.0,"e31":0.0,"e32":0.0,"e33":1.0},"sdfOperation":1,"parentIndex":0,"type":3}]}